MonthsDays,january,february,march ,april,may,june,july ,august,september,october,november,december
1,124,74,153,43,64,101,162,173,140,44,132,123
2,136,62,50,156,57,114,118,82,107,40,96,32
3,167,85,67,60,55,125,82,144,85,50,121,52
4,74,148,159,80,110,119,139,45,127,39,33,137
5,31,85,153,109,188,58,92,72,146,83,106,171
6,160,31,129,47,171,121,96,112,101,54,160,17
7,168,126,54,39,26,97,118,123,95,141,66,103
8,53,168,164,78,121,118,98,127,57,173,147,164
9,152,70,89,131,39,142,174,31,133,43,70,99
10,148,102,130,91,77,36,163,152,47,173,53,189
11,54,50,27,150,112,179,189,124,48,131,122,71
12,127,35,185,167,35,12,173,168,127,150,33,116
13,173,180,127,137,162,19,104,170,82,59,163,124
14,123,27,33,101,153,118,94,69,70,67,180,39
15,118,183,149,44,151,48,66,166,151,181,102,66
16,179,82,143,97,39,145,36,96,133,40,114,26
17,171,112,115,155,60,134,62,25,44,33,129,83
18,168,108,64,77,63,143,31,118,96,147,42,187
19,42,149,187,180,99,182,121,132,80,136,92,146
20,146,67,29,29,105,26,55,134,70,85,146,108
21,161,166,159,84,27,92,154,31,87,111,164,46
22,27,28,52,73,88,36,33,78,34,62,124,157
23,68,133,29,87,167,68,179,59,186,168,48,105
24,40,179,47,187,156,140,111,27,115,92,50,169
25,131,164,103,178,166,146,70,97,123,115,160,119
26,189,146,29,98,190,44,135,135,121,182,123,114
27,113,123,163,80,54,152,77,160,124,110,117,131
28,67,144,90,140,39,173,45,65,119,115,69,118
29,140,156,107,38,54,50,70,37,153,156,48,156
30,144,133,142,56,167,44,186,85,82,29,88,117
31,174,34,83,183,28,18,162,44,39,154,64,125
